<?xml version="1.0" encoding="UTF-8"?>

<d:devices xmlns:xsi="http://www.w3.org/2001/XMLSchema-instance"
           xmlns:d="http://schemas.android.com/sdk/devices/1">

    <d:device>
        <d:name>Nexus One</d:name>
        <d:manufacturer>Google</d:manufacturer>
        <d:hardware>
            <d:screen>
                <d:screen-size>normal</d:screen-size>
                <d:diagonal-length>3.7</d:diagonal-length>
                <d:pixel-density>hdpi</d:pixel-density>
                <d:screen-ratio>long</d:screen-ratio>
                <d:dimensions>
                    <d:x-dimension>480</d:x-dimension>
                    <d:y-dimension>800</d:y-dimension>
                </d:dimensions>
                <d:xdpi>254</d:xdpi>
                <d:ydpi>254</d:ydpi>
                <d:touch>
                    <d:multitouch>basic</d:multitouch>
                    <d:mechanism>finger</d:mechanism>
                    <d:screen-type>capacitive</d:screen-type>
                </d:touch>
            </d:screen>
            <d:networking>
                Wifi
                Bluetooth
            </d:networking>
            <d:sensors>
                Accelerometer
                Compass
                GPS
                LightSensor
                ProximitySensor
            </d:sensors>
            <d:mic>true</d:mic>
            <d:camera>
                <d:location>back</d:location>
                <d:autofocus>true</d:autofocus>
                <d:flash>true</d:flash>
            </d:camera>
            <d:keyboard>nokeys</d:keyboard>
            <d:nav>trackball</d:nav>
            <d:ram unit="MiB">512</d:ram>
            <d:buttons>hard</d:buttons>
            <d:internal-storage unit="MiB">503</d:internal-storage>
            <d:removable-storage unit="MiB">0</d:removable-storage>
            <d:cpu>Qualcomm Scorpion</d:cpu>
            <d:gpu>Qualcomm Adreno 200</d:gpu>
            <d:abi>
                armeabi-v7a
                armeabi
            </d:abi>
            <d:dock> </d:dock>
            <d:power-type>plugged-in</d:power-type>
        </d:hardware>
        <d:software>
            <d:api-level>7-10</d:api-level>
            <d:live-wallpaper-support>true</d:live-wallpaper-support>
            <d:bluetooth-profiles> </d:bluetooth-profiles>
            <d:gl-version>2.0</d:gl-version>
            <d:gl-extensions>
            </d:gl-extensions>
            <d:status-bar>true</d:status-bar>
        </d:software>
        <d:state name="Portrait" default="true">
            <d:description>The phone in portrait view</d:description>
            <d:screen-orientation>port</d:screen-orientation>
            <d:keyboard-state>keyssoft</d:keyboard-state>
            <d:nav-state>nonav</d:nav-state>
        </d:state>
        <d:state name="Landscape">
            <d:description>The phone in landscape view</d:description>
            <d:screen-orientation>land</d:screen-orientation>
            <d:keyboard-state>keyssoft</d:keyboard-state>
            <d:nav-state>nonav</d:nav-state>
        </d:state>
    </d:device>
    <d:device>
        <d:name>Nexus S</d:name>
        <d:manufacturer>Google</d:manufacturer>
        <d:hardware>
            <d:screen>
                <d:screen-size>normal</d:screen-size>
                <d:diagonal-length>4</d:diagonal-length>
                <d:pixel-density>hdpi</d:pixel-density>
                <d:screen-ratio>long</d:screen-ratio>
                <d:dimensions>
                    <d:x-dimension>480</d:x-dimension>
                    <d:y-dimension>800</d:y-dimension>
                </d:dimensions>
                <d:xdpi>235</d:xdpi>
                <d:ydpi>235</d:ydpi>
                <d:touch>
                    <d:multitouch>jazz-hands</d:multitouch>
                    <d:mechanism>finger</d:mechanism>
                    <d:screen-type>capacitive</d:screen-type>
                </d:touch>
            </d:screen>
            <d:networking>
                Wifi
                Bluetooth
                NFC
            </d:networking>
            <d:sensors>
                Accelerometer
                Compass
                GPS
                Gyroscope
                LightSensor
                ProximitySensor
            </d:sensors>
            <d:mic>true</d:mic>
            <d:camera>
                <d:location>back</d:location>
                <d:autofocus>true</d:autofocus>
                <d:flash>true</d:flash>
            </d:camera>
            <d:camera>
                <d:location>front</d:location>
                <d:autofocus>false</d:autofocus>
                <d:flash>false</d:flash>
            </d:camera>
            <d:keyboard>nokeys</d:keyboard>
            <d:nav>nonav</d:nav>
            <d:ram unit="KiB">351428</d:ram>
            <d:buttons>hard</d:buttons>
            <d:internal-storage unit="MiB">503</d:internal-storage>
            <d:removable-storage unit="MiB">0</d:removable-storage>
            <d:cpu>Samsung Exynos 3110</d:cpu>
            <d:gpu>PowerVR SGX 540</d:gpu>
            <d:abi>
                armeabi-v7a
                armeabi
            </d:abi>
            <d:dock> </d:dock>
            <d:power-type>plugged-in</d:power-type>
        </d:hardware>
        <d:software>
            <d:api-level>9-16</d:api-level>
            <d:live-wallpaper-support>true</d:live-wallpaper-support>
            <d:bluetooth-profiles> </d:bluetooth-profiles>
            <d:gl-version>2.0</d:gl-version>
            <d:gl-extensions>
                GL_EXT_debug_marker
                GL_OES_rgb8_rgba8
                GL_OES_depth24
                GL_OES_vertex_half_float
                GL_OES_texture_float
                GL_OES_texture_half_float
                GL_OES_element_index_uint
                GL_OES_mapbuffer
                GL_OES_fragment_precision_high
                GL_OES_compressed_ETC1_RGB8_texture
                GL_OES_EGL_image
                GL_OES_EGL_image_external
                GL_OES_required_internalformat
                GL_OES_depth_texture
                GL_OES_get_program_binary
                GL_OES_packed_depth_stencil
                GL_OES_standard_derivatives
                GL_OES_vertex_array_object
                GL_OES_egl_sync
                GL_EXT_multi_draw_arrays
                GL_EXT_texture_format_BGRA8888
                GL_EXT_discard_framebuffer
                GL_EXT_shader_texture_lod
                GL_IMG_shader_binary
                GL_IMG_texture_compression_pvrtc
                GL_IMG_texture_npot
                GL_IMG_texture_format_BGRA8888
                GL_IMG_read_format
                GL_IMG_program_binary
                GL_IMG_multisampled_render_to_texture
            </d:gl-extensions>
            <d:status-bar>true</d:status-bar>
        </d:software>
        <d:state name="Portrait" default="true">
            <d:description>The phone in portrait view</d:description>
            <d:screen-orientation>port</d:screen-orientation>
            <d:keyboard-state>keyssoft</d:keyboard-state>
            <d:nav-state>nonav</d:nav-state>
        </d:state>
        <d:state name="Landscape">
            <d:description>The phone in landscape view</d:description>
            <d:screen-orientation>land</d:screen-orientation>
            <d:keyboard-state>keyssoft</d:keyboard-state>
            <d:nav-state>nonav</d:nav-state>
        </d:state>
    </d:device>

    <d:device>
        <d:name>Galaxy Nexus</d:name>
        <d:manufacturer>Google</d:manufacturer>
        <d:hardware>
            <d:screen>
                <d:screen-size>normal</d:screen-size>
                <d:diagonal-length>4.65</d:diagonal-length> <!-- In inches -->
                <d:pixel-density>xhdpi</d:pixel-density>
                <d:screen-ratio>long</d:screen-ratio>
                <d:dimensions>
                    <d:x-dimension>720</d:x-dimension>
                    <d:y-dimension>1280</d:y-dimension>
                </d:dimensions>
                <d:xdpi>316</d:xdpi>
                <d:ydpi>316</d:ydpi>
                <d:touch>
                    <d:multitouch>jazz-hands</d:multitouch>
                    <d:mechanism>finger</d:mechanism>
                    <d:screen-type>capacitive</d:screen-type>
                </d:touch>
            </d:screen>
            <d:networking>
                Bluetooth
                Wifi
                NFC
            </d:networking>
            <d:sensors>
                Accelerometer
                Barometer
                Gyroscope
                Compass
                GPS
                ProximitySensor
            </d:sensors>
            <d:mic>true</d:mic>
            <d:camera>
                <d:location>front</d:location>
                <d:autofocus>true</d:autofocus>
                <d:flash>false</d:flash>
            </d:camera>
            <d:camera>
                <d:location>back</d:location>
                <d:autofocus>true</d:autofocus>
                <d:flash>true</d:flash>
            </d:camera>
            <d:keyboard>nokeys</d:keyboard>
            <d:nav>nonav</d:nav>
            <d:ram unit="GiB">1</d:ram>
            <d:buttons>soft</d:buttons>
            <d:internal-storage unit="GiB">16</d:internal-storage>
            <d:removable-storage unit="KiB"></d:removable-storage>
            <d:cpu>OMAP 4460</d:cpu> <!-- cpu type (Tegra3) freeform -->
            <d:gpu>PowerVR SGX540</d:gpu>
            <d:abi>
                armeabi
                armeabi-v7a
            </d:abi>
            <!--dock (car, desk, tv, none)-->
            <d:dock>
            </d:dock>
            <!-- plugged in (never, charge, always) -->
            <d:power-type>battery</d:power-type>
        </d:hardware>
        <d:software>
            <d:api-level>14-</d:api-level>
            <d:live-wallpaper-support>true</d:live-wallpaper-support>
            <d:bluetooth-profiles>
                HSP
                HFP
                SPP
                A2DP
                AVRCP
                OPP
                PBAP
                GAVDP
                AVDTP
                HID
                HDP
                PAN
            </d:bluetooth-profiles>
            <d:gl-version>2.0</d:gl-version>
            <!--
             These can be gotten via
             javax.microedition.khronos.opengles.GL10.glGetString(GL10.GL_EXTENSIONS);
            -->
            <d:gl-extensions>
                GL_EXT_discard_framebuffer
                GL_EXT_multi_draw_arrays
                GL_EXT_shader_texture_lod
                GL_EXT_texture_format_BGRA8888
                GL_IMG_multisampled_render_to_texture
                GL_IMG_program_binary
                GL_IMG_read_format
                GL_IMG_shader_binary
                GL_IMG_texture_compression_pvrtc
                GL_IMG_texture_format_BGRA8888
                GL_IMG_texture_npot
                GL_OES_compressed_ETC1_RGB8_texture
                GL_OES_depth_texture
                GL_OES_depth24
                GL_OES_EGL_image
                GL_OES_EGL_image_external
                GL_OES_egl_sync
                GL_OES_element_index_uint
                GL_OES_fragment_precision_high
                GL_OES_get_program_binary
                GL_OES_mapbuffer
                GL_OES_packed_depth_stencil
                GL_OES_required_internalformat
                GL_OES_rgb8_rgba8
                GL_OES_standard_derivatives
                GL_OES_texture_float
                GL_OES_texture_half_float
                GL_OES_vertex_array_object
                GL_OES_vertex_half_float
            </d:gl-extensions>
            <d:status-bar>true</d:status-bar>
        </d:software>
        <d:state name="Portrait" default="true">
            <d:description>The phone in portrait view</d:description>
            <d:screen-orientation>port</d:screen-orientation>
            <d:keyboard-state>keyssoft</d:keyboard-state>
            <d:nav-state>nonav</d:nav-state>
        </d:state>
        <d:state name="Landscape">
            <d:description>The phone in landscape view</d:description>
            <d:screen-orientation>land</d:screen-orientation>
            <d:keyboard-state>keyssoft</d:keyboard-state>
            <d:nav-state>nonav</d:nav-state>
        </d:state>
    </d:device>

    <d:device>
        <d:name>Nexus 7 (2012)</d:name>
        <d:id>Nexus 7</d:id>
        <d:manufacturer>Google</d:manufacturer>
        <d:hardware>
            <d:screen>
                <d:screen-size>large</d:screen-size>
                <d:diagonal-length>7.0</d:diagonal-length>
                <d:pixel-density>tvdpi</d:pixel-density>
                <d:screen-ratio>notlong</d:screen-ratio>
                <d:dimensions>
                    <d:x-dimension>800</d:x-dimension>
                    <d:y-dimension>1280</d:y-dimension>
                </d:dimensions>
                <d:xdpi>195</d:xdpi>
                <d:ydpi>200</d:ydpi>
                <d:touch>
                    <d:multitouch>jazz-hands</d:multitouch>
                    <d:mechanism>finger</d:mechanism>
                    <d:screen-type>capacitive</d:screen-type>
                </d:touch>
            </d:screen>
            <d:networking>
                Wifi
                Bluetooth
                NFC
            </d:networking>
            <d:sensors>
                Accelerometer
                Compass
                GPS
                Gyroscope
                LightSensor
            </d:sensors>
            <d:mic>true</d:mic>
            <d:camera>
                <d:location>front</d:location>
                <d:autofocus>false</d:autofocus>
                <d:flash>false</d:flash>
            </d:camera>
            <d:keyboard>nokeys</d:keyboard>
            <d:nav>nonav</d:nav>
            <d:ram unit="GiB">1</d:ram>
            <d:buttons>soft</d:buttons>
            <d:internal-storage unit="GiB">8</d:internal-storage>
            <d:removable-storage unit="MiB"> </d:removable-storage>
            <d:cpu> Tegra3 </d:cpu>
            <d:gpu> Tegra3 </d:gpu>
            <d:abi>
                armeabi-v7a
                armeabi
            </d:abi>
            <d:dock> </d:dock>
            <d:power-type>battery</d:power-type>
        </d:hardware>

        <d:software>
            <d:api-level>16</d:api-level>
            <d:live-wallpaper-support>true</d:live-wallpaper-support>
            <d:bluetooth-profiles> </d:bluetooth-profiles>
            <d:gl-version>2.0</d:gl-version>
            <d:gl-extensions> </d:gl-extensions>
            <d:status-bar>true</d:status-bar>
        </d:software>

        <d:state name="Portrait" default="true">
            <d:description>The phone in portrait view</d:description>
            <d:screen-orientation>port</d:screen-orientation>
            <d:keyboard-state>keyssoft</d:keyboard-state>
            <d:nav-state>nonav</d:nav-state>
        </d:state>
        <d:state name="Landscape">
            <d:description>The phone in landscape view</d:description>
            <d:screen-orientation>land</d:screen-orientation>
            <d:keyboard-state>keyssoft</d:keyboard-state>
            <d:nav-state>nonav</d:nav-state>
        </d:state>
    </d:device>

    <d:device>
        <d:name>Nexus 4</d:name>
        <d:manufacturer>Google</d:manufacturer>
        <d:hardware>
            <d:screen>
                <d:screen-size>normal</d:screen-size>
                <d:diagonal-length>4.7</d:diagonal-length>
                <d:pixel-density>xhdpi</d:pixel-density>
                <d:screen-ratio>notlong</d:screen-ratio>
                <d:dimensions>
                    <d:x-dimension>768</d:x-dimension>
                    <d:y-dimension>1280</d:y-dimension>
                </d:dimensions>
                <d:xdpi>320</d:xdpi>
                <d:ydpi>320</d:ydpi>
                <d:touch>
                    <d:multitouch>jazz-hands</d:multitouch>
                    <d:mechanism>finger</d:mechanism>
                    <d:screen-type>capacitive</d:screen-type>
                </d:touch>
            </d:screen>
            <d:networking>
                Wifi
                Bluetooth
                NFC
            </d:networking>
            <d:sensors>
                Accelerometer
                Barometer
                Compass
                GPS
                Gyroscope
                LightSensor
                ProximitySensor
            </d:sensors>
            <d:mic>true</d:mic>
            <d:camera>
                <d:location>back</d:location>
                <d:autofocus>true</d:autofocus>
                <d:flash>true</d:flash>
            </d:camera>
            <d:camera>
                <d:location>front</d:location>
                <d:autofocus>false</d:autofocus>
                <d:flash>false</d:flash>
            </d:camera>
            <d:keyboard>nokeys</d:keyboard>
            <d:nav>nonav</d:nav>
            <d:ram unit="KiB">1953125</d:ram>
            <d:buttons>soft</d:buttons>
            <d:internal-storage unit="KiB">7811891</d:internal-storage>
            <d:removable-storage unit="MiB"></d:removable-storage>
            <d:cpu>Qualcomm Snapdragon S4 Pro</d:cpu>
            <d:gpu>Adreno 320</d:gpu>
            <d:abi>
                armeabi-v7a
                armeabi
            </d:abi>
            <d:dock></d:dock>
            <d:power-type>battery</d:power-type>
        </d:hardware>
        <d:software>
            <d:api-level>16</d:api-level>
            <d:live-wallpaper-support>true</d:live-wallpaper-support>
            <d:bluetooth-profiles></d:bluetooth-profiles>
            <d:gl-version>2.0</d:gl-version>
            <d:gl-extensions>GL_EXT_debug_marker GL_AMD_compressed_ATC_texture
                GL_AMD_performance_monitor GL_AMD_program_binary_Z400 GL_EXT_robustness
                GL_EXT_texture_format_BGRA8888 GL_EXT_texture_type_2_10_10_10_REV GL_NV_fence
                GL_OES_compressed_ETC1_RGB8_texture GL_OES_depth_texture GL_OES_depth24
                GL_OES_EGL_image GL_OES_EGL_image_external GL_OES_element_index_uint
                GL_OES_fbo_render_mipmap GL_OES_fragment_precision_high GL_OES_get_program_binary
                GL_OES_packed_depth_stencil GL_OES_rgb8_rgba8 GL_OES_standard_derivatives
                GL_OES_texture_3D GL_OES_texture_float GL_OES_texture_half_float
                GL_OES_texture_half_float_linear GL_OES_texture_npot GL_OES_vertex_half_float
                GL_OES_vertex_type_10_10_10_2 GL_OES_vertex_array_object GL_QCOM_alpha_test
                GL_QCOM_binning_control GL_QCOM_driver_control GL_QCOM_perfmon_global_mode
                GL_QCOM_extended_get GL_QCOM_extended_get2 GL_QCOM_tiled_rendering
                GL_QCOM_writeonly_rendering GL_EXT_sRGB
            </d:gl-extensions>
            <d:status-bar>true</d:status-bar>
        </d:software>
        <d:state name="Portrait" default="true">
            <d:description>The phone in portrait view</d:description>
            <d:screen-orientation>port</d:screen-orientation>
            <d:keyboard-state>keyssoft</d:keyboard-state>
            <d:nav-state>nonav</d:nav-state>
        </d:state>
        <d:state name="Landscape">
            <d:description>The phone in landscape view</d:description>
            <d:screen-orientation>land</d:screen-orientation>
            <d:keyboard-state>keyssoft</d:keyboard-state>
            <d:nav-state>nonav</d:nav-state>
        </d:state>
    </d:device>

    <d:device>
        <d:name>Nexus 10</d:name>
        <d:manufacturer>Google</d:manufacturer>
        <d:hardware>
            <d:screen>
                <d:screen-size>xlarge</d:screen-size>
                <d:diagonal-length>10.055</d:diagonal-length>
                <d:pixel-density>xhdpi</d:pixel-density>
                <d:screen-ratio>notlong</d:screen-ratio>
                <d:dimensions>
                    <d:x-dimension>2560</d:x-dimension>
                    <d:y-dimension>1600</d:y-dimension>
                </d:dimensions>
                <d:xdpi>300</d:xdpi>
                <d:ydpi>300</d:ydpi>
                <d:touch>
                    <d:multitouch>jazz-hands</d:multitouch>
                    <d:mechanism>finger</d:mechanism>
                    <d:screen-type>capacitive</d:screen-type>
                </d:touch>
            </d:screen>
            <d:networking>
                Wifi
                Bluetooth
                NFC
            </d:networking>
            <d:sensors>
                Accelerometer
                Barometer
                Compass
                GPS
                Gyroscope
                LightSensor
            </d:sensors>
            <d:mic>true</d:mic>
            <d:camera>
                <d:location>back</d:location>
                <d:autofocus>true</d:autofocus>
                <d:flash>true</d:flash>
            </d:camera>
            <d:camera>
                <d:location>front</d:location>
                <d:autofocus>false</d:autofocus>
                <d:flash>false</d:flash>
            </d:camera>
            <d:keyboard>nokeys</d:keyboard>
            <d:nav>nonav</d:nav>
            <d:ram unit="KiB">1953125</d:ram>
            <d:buttons>soft</d:buttons>
            <d:internal-storage unit="KiB">15623782</d:internal-storage>
            <d:removable-storage unit="MiB"></d:removable-storage>
            <d:cpu>Dual-core A15</d:cpu>
            <d:gpu>Quad-core Mali T604</d:gpu>
            <d:abi>
                armeabi-v7a
                armeabi
            </d:abi>
            <d:dock></d:dock>
            <d:power-type>battery</d:power-type>
        </d:hardware>
        <d:software>
            <d:api-level>16</d:api-level>
            <d:live-wallpaper-support>true</d:live-wallpaper-support>
            <d:bluetooth-profiles></d:bluetooth-profiles>
            <d:gl-version>2.0</d:gl-version>
            <d:gl-extensions>GL_EXT_debug_marker GL_ARM_rgba8 GL_ARM_mali_shader_binary
                GL_OES_depth24 GL_OES_depth_texture GL_OES_depth_texture_cube_map
                GL_OES_packed_depth_stencil GL_OES_rgb8_rgba8 GL_EXT_read_format_bgra
                GL_OES_compressed_paletted_texture GL_OES_compressed_ETC1_RGB8_texture
                GL_OES_standard_derivatives GL_OES_EGL_image GL_OES_EGL_image_external
                GL_OES_EGL_sync GL_OES_texture_npot GL_OES_vertex_half_float
                GL_OES_required_internalformat GL_OES_vertex_array_object GL_OES_mapbuffer
                GL_EXT_texture_format_BGRA8888 GL_EXT_texture_rg GL_EXT_texture_type_2_10_10_10_REV
                GL_OES_fbo_render_mipmap GL_OES_element_index_uint GL_EXT_shadow_samplers
                GL_EXT_occlusion_query_boolean GL_EXT_blend_minmax GL_EXT_discard_framebuffer
                GL_OES_get_program_binary GL_OES_texture_3D GL_EXT_texture_storage
                GL_EXT_multisampled_render_to_texture GL_OES_surfaceless_context
                GL_ARM_mali_program_binary
            </d:gl-extensions>
            <d:status-bar>true</d:status-bar>
        </d:software>
        <d:state name="Portrait">
            <d:description>The phone in portrait view</d:description>
            <d:screen-orientation>port</d:screen-orientation>
            <d:keyboard-state>keyssoft</d:keyboard-state>
            <d:nav-state>nonav</d:nav-state>
        </d:state>
        <d:state name="Landscape" default="true">
            <d:description>The phone in landscape view</d:description>
            <d:screen-orientation>land</d:screen-orientation>
            <d:keyboard-state>keyssoft</d:keyboard-state>
            <d:nav-state>nonav</d:nav-state>
        </d:state>
    </d:device>

    <d:device>
        <d:name>Nexus 7</d:name>
        <d:id>Nexus 7 2013</d:id>
        <d:manufacturer>Google</d:manufacturer>
        <d:hardware>
            <d:screen>
                <d:screen-size>large</d:screen-size>
                <d:diagonal-length>7.02</d:diagonal-length>
                <d:pixel-density>xhdpi</d:pixel-density>
                <d:screen-ratio>notlong</d:screen-ratio>
                <d:dimensions>
                    <d:x-dimension>1200</d:x-dimension>
                    <d:y-dimension>1920</d:y-dimension>
                </d:dimensions>
                <d:xdpi>323</d:xdpi>
                <d:ydpi>323</d:ydpi>
                <d:touch>
                    <d:multitouch>jazz-hands</d:multitouch>
                    <d:mechanism>finger</d:mechanism>
                    <d:screen-type>capacitive</d:screen-type>
                </d:touch>
            </d:screen>
            <d:networking>
                Wifi
                Bluetooth
                NFC
            </d:networking>
            <d:sensors>
                Accelerometer
                Compass
                GPS
                Gyroscope
                LightSensor
            </d:sensors>
            <d:mic>true</d:mic>
            <d:camera>
                <d:location>back</d:location>
                <d:autofocus>true</d:autofocus>
                <d:flash>false</d:flash>
            </d:camera>
            <d:camera>
                <d:location>front</d:location>
                <d:autofocus>false</d:autofocus>
                <d:flash>false</d:flash>
            </d:camera>
            <d:keyboard>nokeys</d:keyboard>
            <d:nav>nonav</d:nav>
            <d:ram unit="GiB">2</d:ram>
            <d:buttons>soft</d:buttons>
            <d:internal-storage unit="GiB">32</d:internal-storage>
            <d:removable-storage unit="MiB"> </d:removable-storage>
            <d:cpu> Qualcomm Snapdragon S4 Pro, 1.5GHz </d:cpu>
            <d:gpu> Adreno 320, 400MHz </d:gpu>
            <d:abi>
                armeabi-v7a
                armeabi
            </d:abi>
            <d:dock> </d:dock>
            <d:power-type>battery</d:power-type>
        </d:hardware>

        <d:software>
            <d:api-level>18</d:api-level>
            <d:live-wallpaper-support>true</d:live-wallpaper-support>
            <d:bluetooth-profiles> </d:bluetooth-profiles>
            <d:gl-version>3.0</d:gl-version>
            <d:gl-extensions>
                GL_AMD_compressed_ATC_texture GL_AMD_performance_monitor
                GL_AMD_program_binary_Z400 GL_EXT_debug_labelGL_EXT_debug_markerGL_EXT_robustness
                GL_EXT_texture_format_BGRA8888 GL_EXT_texture_type_2_10_10_10_REV GL_NV_fence
                GL_OES_compressed_ETC1_RGB8_texture GL_OES_depth_texture GL_OES_depth24
                GL_OES_EGL_image GL_OES_EGL_image_external GL_OES_element_index_uint
                GL_OES_fbo_render_mipmap GL_OES_fragment_precision_high GL_OES_get_program_binary
                GL_OES_packed_depth_stencil GL_OES_depth_texture_cube_map GL_OES_rgb8_rgba8
                GL_OES_standard_derivatives GL_OES_texture_3D GL_OES_texture_float
                GL_OES_texture_half_float GL_OES_texture_half_float_linear GL_OES_texture_npot
                GL_OES_vertex_half_float GL_OES_vertex_type_10_10_10_2 GL_OES_vertex_array_object
                GL_QCOM_alpha_test GL_QCOM_binning_control GL_QCOM_driver_control
                GL_QCOM_perfmon_global_mode GL_QCOM_extended_get GL_QCOM_extended_get2
                GL_QCOM_tiled_rendering GL_QCOM_writeonly_rendering GL_EXT_sRGB
                GL_EXT_texture_filter_anisotropic GL_EXT_color_buffer_float
                GL_EXT_color_buffer_half_float
            </d:gl-extensions>
            <d:status-bar>true</d:status-bar>
        </d:software>

        <d:state name="Portrait" default="true">
            <d:description>The phone in portrait view</d:description>
            <d:screen-orientation>port</d:screen-orientation>
            <d:keyboard-state>keyssoft</d:keyboard-state>
            <d:nav-state>nonav</d:nav-state>
        </d:state>
        <d:state name="Landscape">
            <d:description>The phone in landscape view</d:description>
            <d:screen-orientation>land</d:screen-orientation>
            <d:keyboard-state>keyssoft</d:keyboard-state>
            <d:nav-state>nonav</d:nav-state>
        </d:state>
    </d:device>

  <d:device>
    <d:name>Nexus 5</d:name>
    <d:id>Nexus 5</d:id>
    <d:manufacturer>Google</d:manufacturer>
    <d:hardware>
      <d:screen>
        <d:screen-size>normal</d:screen-size>
        <d:diagonal-length>4.95</d:diagonal-length>
        <d:pixel-density>xxhdpi</d:pixel-density>
        <d:screen-ratio>notlong</d:screen-ratio>
        <d:dimensions>
          <d:x-dimension>1080</d:x-dimension>
          <d:y-dimension>1920</d:y-dimension>
        </d:dimensions>
        <d:xdpi>445</d:xdpi>
        <d:ydpi>445</d:ydpi>
        <d:touch>
          <d:multitouch>jazz-hands</d:multitouch>
          <d:mechanism>finger</d:mechanism>
          <d:screen-type>capacitive</d:screen-type>
        </d:touch>
      </d:screen>
      <d:networking>
        Wifi
        Bluetooth
        NFC
      </d:networking>
      <d:sensors>
        Accelerometer
        Barometer
        Compass
        GPS
        Gyroscope
        LightSensor
        ProximitySensor
      </d:sensors>
      <d:mic>true</d:mic>
      <d:camera>
        <d:location>back</d:location>
        <d:autofocus>true</d:autofocus>
        <d:flash>true</d:flash>
      </d:camera>
      <d:camera>
        <d:location>front</d:location>
        <d:autofocus>false</d:autofocus>
        <d:flash>false</d:flash>
      </d:camera>
      <d:keyboard>nokeys</d:keyboard>
      <d:nav>nonav</d:nav>
      <d:ram unit="GiB">2</d:ram>
      <d:buttons>soft</d:buttons>
      <d:internal-storage unit="GiB">16</d:internal-storage>
      <d:removable-storage unit="MiB"></d:removable-storage>
      <d:cpu>Snapdragon 800 (MSM8974)</d:cpu>
      <d:gpu>Adreno 330</d:gpu>
      <d:abi>
        armeabi-v7a
        armeabi
      </d:abi>
      <d:dock></d:dock>
      <d:power-type>battery</d:power-type>
    </d:hardware>
    <d:software>
      <d:api-level>19</d:api-level>
      <d:live-wallpaper-support>true</d:live-wallpaper-support>
      <d:bluetooth-profiles></d:bluetooth-profiles>
      <d:gl-version>3.0</d:gl-version>
      <d:gl-extensions>
        GL_AMD_compressed_ATC_texture GL_AMD_performance_monitor GL_AMD_program_binary_Z400
        GL_EXT_debug_label GL_EXT_debug_marker GL_EXT_discard_framebuffer
        GL_EXT_robustness GL_EXT_texture_format_BGRA8888 GL_EXT_texture_type_2_10_10_10_REV
        GL_NV_fence GL_OES_compressed_ETC1_RGB8_texture GL_OES_depth_texture GL_OES_depth24
        GL_OES_EGL_image GL_OES_EGL_image_external GL_OES_element_index_uint
        GL_OES_fbo_render_mipmap GL_OES_fragment_precision_high GL_OES_get_program_binary
        GL_OES_packed_depth_stencil GL_OES_depth_texture_cube_map GL_OES_rgb8_rgba8
        GL_OES_standard_derivatives GL_OES_texture_3D GL_OES_texture_float
        GL_OES_texture_half_float GL_OES_texture_half_float_linear GL_OES_texture_npot
        GL_OES_vertex_half_float GL_OES_vertex_type_10_10_10_2 GL_OES_vertex_array_object
        GL_QCOM_alpha_test GL_QCOM_binning_control GL_QCOM_driver_control
        GL_QCOM_perfmon_global_mode GL_QCOM_extended_get GL_QCOM_extended_get2
        GL_QCOM_tiled_rendering GL_QCOM_writeonly_rendering GL_EXT_sRGB
        GL_EXT_texture_filter_anisotropic GL_EXT_color_buffer_float
        GL_EXT_color_buffer_half_float GL_EXT_disjoint_timer_query
      </d:gl-extensions>
      <d:status-bar>true</d:status-bar>
    </d:software>
    <d:state name="Portrait" default="true">
      <d:description>The phone in portrait view</d:description>
      <d:screen-orientation>port</d:screen-orientation>
      <d:keyboard-state>keyssoft</d:keyboard-state>
      <d:nav-state>nonav</d:nav-state>
    </d:state>
    <d:state name="Landscape">
      <d:description>The phone in landscape view</d:description>
      <d:screen-orientation>land</d:screen-orientation>
      <d:keyboard-state>keyssoft</d:keyboard-state>
      <d:nav-state>nonav</d:nav-state>
    </d:state>
  </d:device>

</d:devices>
